{
  "hash": "1e35a046",
  "configHash": "b6870878",
  "lockfileHash": "227d524e",
  "browserHash": "662c49ef",
  "optimized": {
    "@angular/common": {
      "src": "../../../../../../node_modules/@angular/common/fesm2022/common.mjs",
      "file": "@angular_common.js",
      "fileHash": "44ee52df",
      "needsInterop": false
    },
    "@angular/core": {
      "src": "../../../../../../node_modules/@angular/core/fesm2022/core.mjs",
      "file": "@angular_core.js",
      "fileHash": "a4c142e2",
      "needsInterop": false
    },
    "@angular/forms": {
      "src": "../../../../../../node_modules/@angular/forms/fesm2022/forms.mjs",
      "file": "@angular_forms.js",
      "fileHash": "5c867ec7",
      "needsInterop": false
    },
    "@angular/platform-browser": {
      "src": "../../../../../../node_modules/@angular/platform-browser/fesm2022/platform-browser.mjs",
      "file": "@angular_platform-browser.js",
      "fileHash": "25113248",
      "needsInterop": false
    },
    "@angular/router": {
      "src": "../../../../../../node_modules/@angular/router/fesm2022/router.mjs",
      "file": "@angular_router.js",
      "fileHash": "f8e2c5ac",
      "needsInterop": false
    },
    "@angular/service-worker": {
      "src": "../../../../../../node_modules/@angular/service-worker/fesm2022/service-worker.mjs",
      "file": "@angular_service-worker.js",
      "fileHash": "ffafef3a",
      "needsInterop": false
    },
    "@ionic/angular/standalone": {
      "src": "../../../../../../node_modules/@ionic/angular/fesm2022/ionic-angular-standalone.mjs",
      "file": "@ionic_angular_standalone.js",
      "fileHash": "6d3bfde3",
      "needsInterop": false
    },
    "ionicons": {
      "src": "../../../../../../node_modules/ionicons/dist/index.js",
      "file": "ionicons.js",
      "fileHash": "f750f267",
      "needsInterop": false
    },
    "ionicons/icons": {
      "src": "../../../../../../node_modules/ionicons/icons/index.mjs",
      "file": "ionicons_icons.js",
      "fileHash": "eb706c20",
      "needsInterop": false
    },
    "ngx-indexed-db": {
      "src": "../../../../../../node_modules/ngx-indexed-db/fesm2022/ngx-indexed-db.mjs",
      "file": "ngx-indexed-db.js",
      "fileHash": "ad8ec67a",
      "needsInterop": false
    },
    "rxjs": {
      "src": "../../../../../../node_modules/rxjs/dist/esm5/index.js",
      "file": "rxjs.js",
      "fileHash": "630f07b5",
      "needsInterop": false
    }
  },
  "chunks": {
    "swipe-back-JQH5TKAH": {
      "file": "swipe-back-JQH5TKAH.js"
    },
    "keyboard-V2PIFFST": {
      "file": "keyboard-V2PIFFST.js"
    },
    "index7-5K4Y2YVA": {
      "file": "index7-5K4Y2YVA.js"
    },
    "status-tap-HTYCAA7V": {
      "file": "status-tap-HTYCAA7V.js"
    },
    "input-shims-5QEE6PFC": {
      "file": "input-shims-5QEE6PFC.js"
    },
    "focus-visible-OL4FVLYM": {
      "file": "focus-visible-OL4FVLYM.js"
    },
    "chunk-IUXA2G6D": {
      "file": "chunk-IUXA2G6D.js"
    },
    "chunk-G5UZVNUA": {
      "file": "chunk-G5UZVNUA.js"
    },
    "chunk-IKS2SDKY": {
      "file": "chunk-IKS2SDKY.js"
    },
    "chunk-6KROHRIK": {
      "file": "chunk-6KROHRIK.js"
    },
    "chunk-L6ISKHKK": {
      "file": "chunk-L6ISKHKK.js"
    },
    "ion-icon.entry-JPSX7HJX": {
      "file": "ion-icon__entry-JPSX7HJX.js"
    },
    "ios.transition-I4PGKW7J": {
      "file": "ios__transition-I4PGKW7J.js"
    },
    "chunk-JSEPFCSM": {
      "file": "chunk-JSEPFCSM.js"
    },
    "md.transition-WME5C66L": {
      "file": "md__transition-WME5C66L.js"
    },
    "chunk-NLISRZHU": {
      "file": "chunk-NLISRZHU.js"
    },
    "chunk-DFJZEOB6": {
      "file": "chunk-DFJZEOB6.js"
    },
    "chunk-CFYITULQ": {
      "file": "chunk-CFYITULQ.js"
    },
    "chunk-4554YRK6": {
      "file": "chunk-4554YRK6.js"
    },
    "index3-BEKEQAHP": {
      "file": "index3-BEKEQAHP.js"
    },
    "chunk-6U2AQA2C": {
      "file": "chunk-6U2AQA2C.js"
    },
    "hardware-back-button-XT7FWNGF": {
      "file": "hardware-back-button-XT7FWNGF.js"
    },
    "chunk-KRPMOSGQ": {
      "file": "chunk-KRPMOSGQ.js"
    },
    "chunk-QEE7QVES": {
      "file": "chunk-QEE7QVES.js"
    },
    "chunk-2H3NLAAY": {
      "file": "chunk-2H3NLAAY.js"
    },
    "chunk-Y6CBNGAS": {
      "file": "chunk-Y6CBNGAS.js"
    },
    "chunk-GRBK73C6": {
      "file": "chunk-GRBK73C6.js"
    },
    "chunk-ZGASCDQN": {
      "file": "chunk-ZGASCDQN.js"
    },
    "chunk-FA2KFSOE": {
      "file": "chunk-FA2KFSOE.js"
    },
    "chunk-PHDJSFJB": {
      "file": "chunk-PHDJSFJB.js"
    },
    "chunk-3D53AJCZ": {
      "file": "chunk-3D53AJCZ.js"
    },
    "chunk-YB2C65QT": {
      "file": "chunk-YB2C65QT.js"
    },
    "chunk-PAXKX5KU": {
      "file": "chunk-PAXKX5KU.js"
    }
  }
}